,target,r2_overall,r2_mean_boot,r2_ci_lower,r2_ci_upper,r2_feature_0,r2_feature_1,r2_feature_2,r2_feature_3,r2_feature_4,r2_feature_5,r2_feature_6,r2_feature_7,r2_feature_8,r2_feature_9,r2_feature_10,r2_feature_11,r2_feature_12,r2_feature_13,r2_feature_14,r2_feature_15,r2_feature_16,r2_feature_17,r2_feature_18,r2_feature_19,r2_feature_20,r2_feature_21,r2_feature_22,r2_feature_23,r2_feature_24,r2_feature_25,r2_feature_26,r2_feature_27,r2_feature_28,r2_feature_29,r2_feature_30,r2_feature_31,r2_feature_32,r2_feature_33,r2_feature_34,r2_feature_35,r2_feature_36
0,heart,0.8746937853851469,0.8737655130368683,0.8571660364216432,0.8879749082366317,0.8679140745000475,0.8734721873894701,0.8690730555557525,0.8705122433501433,0.8707412283346084,0.8752569369085366,0.8748070859502908,0.8777422441606687,0.8830586139143046,0.872885673864913,0.8736164834147688,0.8796520618512969,0.8835745012129298,0.8703621384384762,0.878572527014783,0.8848438149585276,0.8694629697539736,0.8711024025108105,0.8579432656611016,0.8958704343077477,0.896145863950352,0.8856145598899244,0.886715052934587,0.8609559813477723,0.878930997183742,0.8863178806562069,0.8881047963897283,0.8786571513907389,0.8726835556484733,0.8728730678208331,0.8705491349024972,0.8734872352309101,0.878084749656365,0.8753492646069121,0.8794130996417171,0.8627530280025856,0.8622065162223229
