,target,r2_overall,r2_mean_boot,r2_ci_lower,r2_ci_upper,r2_feature_0,r2_feature_1,r2_feature_2,r2_feature_3,r2_feature_4,r2_feature_5,r2_feature_6,r2_feature_7,r2_feature_8,r2_feature_9,r2_feature_10,r2_feature_11,r2_feature_12,r2_feature_13,r2_feature_14,r2_feature_15,r2_feature_16,r2_feature_17,r2_feature_18,r2_feature_19,r2_feature_20,r2_feature_21,r2_feature_22,r2_feature_23,r2_feature_24,r2_feature_25,r2_feature_26,r2_feature_27,r2_feature_28,r2_feature_29,r2_feature_30,r2_feature_31,r2_feature_32,r2_feature_33,r2_feature_34,r2_feature_35,r2_feature_36
0,lung,0.8713081743405822,0.8700295441976525,0.859588002551442,0.8808861499180832,0.8681643669694235,0.8816634568136881,0.8417043055555165,0.8716351446928927,0.8782175364278074,0.8735122263649702,0.8612227241931991,0.8660689917563846,0.8764327179408573,0.8836283616896095,0.8884336082468097,0.8875621933225322,0.8857102632184798,0.8742526127619075,0.8690596656088332,0.8897315898449512,0.888986891772556,0.9067004565207044,0.8994431821673018,0.881198000786188,0.8743568012750516,0.8871693245740041,0.8881251801824801,0.8762570733397399,0.8735623604035566,0.882690655195673,0.8743150090961177,0.8813611630888997,0.866313947511143,0.8902520041581162,0.9056070498243951,0.913236396030939,0.8778576259312165,0.88773176170141,0.8847967512247106,0.8764485527652651,0.8755904055140247
