accuracy_mean,accuracy_lo,accuracy_hi,f1_mean,f1_lo,f1_hi
0.7743871794871796,0.7128205128205128,0.8307692307692308,0.7691981243181786,0.7118126138692165,0.826500016978743
