accuracy_mean,accuracy_lo,accuracy_hi,f1_mean,f1_lo,f1_hi
0.7893102564102564,0.7333333333333333,0.8461538461538461,0.772550420069222,0.7122497487097119,0.8300928842063814
