accuracy,f1_macro
0.7897435897435898,0.7710410404295852
