accuracy_mean,accuracy_lo,accuracy_hi,f1_mean,f1_lo,f1_hi
0.7483410256410257,0.6871794871794872,0.8102564102564103,0.7294898612952301,0.6680817397737618,0.7900208890690755
