accuracy,f1_macro
0.4512820512820513,0.3941309453074159
