accuracy,f1_macro
0.7743589743589743,0.7642917594388182
