accuracy,f1_macro
0.8615384615384615,0.8407820284290872
