accuracy,f1_macro
0.7487179487179487,0.7317327770268947
