accuracy_mean,accuracy_lo,accuracy_hi,f1_mean,f1_lo,f1_hi
0.4507205128205129,0.38461538461538464,0.517948717948718,0.4007966202948561,0.3394488456372206,0.4669376926839906
