accuracy_mean,accuracy_lo,accuracy_hi,f1_mean,f1_lo,f1_hi
0.8613769230769233,0.8152564102564105,0.9076923076923077,0.8412336517871537,0.7902396674390142,0.8905103897387032
