accuracy_mean,accuracy_lo,accuracy_hi,f1_mean,f1_lo,f1_hi
0.33846923076923074,0.2717948717948718,0.40512820512820513,0.16361352829524353,0.13818891067734948,0.1882249196513185
