accuracy_mean,accuracy_lo,accuracy_hi,f1_mean,f1_lo,f1_hi
0.7339871794871794,0.6717948717948717,0.7948717948717948,0.7457449049273569,0.6872278920951332,0.8030410166962085
