accuracy,f1_macro
0.241025641025641,0.20741439606145487
