accuracy,f1_macro
0.7692307692307692,0.7667215007215008
