accuracy,f1_macro
0.7333333333333334,0.7483124098124099
