accuracy_mean,accuracy_lo,accuracy_hi,f1_mean,f1_lo,f1_hi
0.770023076923077,0.7076923076923077,0.8256410256410256,0.7646707681102594,0.7043852661971828,0.8229832352036162
