accuracy,f1_macro
0.5794871794871794,0.5751475191475192
