accuracy_mean,accuracy_lo,accuracy_hi,f1_mean,f1_lo,f1_hi
0.5783153846153845,0.5025641025641026,0.6461538461538462,0.5676829992150556,0.4992061098095765,0.6351955265548462
