accuracy_mean,accuracy_lo,accuracy_hi,f1_mean,f1_lo,f1_hi
0.24111794871794873,0.18461538461538463,0.30256410256410254,0.21946355031369008,0.16811510489915443,0.2740490973345911
