accuracy_mean,accuracy_lo,accuracy_hi,f1_mean,f1_lo,f1_hi
0.7693384615384616,0.7076923076923077,0.8256410256410256,0.7644462213012236,0.7022022455199899,0.8225257553929661
