accuracy_mean,accuracy_lo,accuracy_hi,f1_mean,f1_lo,f1_hi
0.19941025641025642,0.14871794871794872,0.2564102564102564,0.06847324701854826,0.05266029247192247,0.08425577445652173
